model,rmse_months,mae_months,r2,term_precision,term_recall,term_f1,elapsed_sec,stage,source_artifact
ExtraTrees,17.753052884317555,13.559221710973578,0.8395087626178759,1.0,0.7758152173913043,0.8737566947207345,0.1240467999887187,stage4_test_artifact,C:\Users\Hwang_Yulim\U-sto_AI\ai_model\experiments\runs\20260524_115653_stage2_valid_tuning\extratrees
AverageTop2,17.891238237952816,13.736359345136805,0.8370005911205045,1.0,0.7853260869565217,0.8797564687975646,0.0,stage4_test_ensemble,stage2_artifact_predictions
AverageTop3,17.99084978922415,13.828701577066296,0.8351805020461611,1.0,0.7907608695652174,0.8831562974203339,0.0,stage4_test_ensemble,stage2_artifact_predictions
AverageAll4,18.075966273643388,13.904020155289295,0.833617258247739,1.0,0.7921195652173914,0.8840030326004549,0.0,stage4_test_ensemble,stage2_artifact_predictions
WeightedByValidRMSE,18.08009746872247,13.908754850922282,0.8335411972394029,1.0,0.7934782608695652,0.8848484848484849,0.0,stage4_test_ensemble,stage2_artifact_predictions
XGBoost,18.235695645760337,14.050782091306601,0.8306637639098359,1.0,0.7975543478260869,0.8873771730914588,0.008527700003469363,stage4_test_artifact,C:\Users\Hwang_Yulim\U-sto_AI\ai_model\experiments\runs\20260524_115653_stage2_valid_tuning\xgboost
RandomForest,18.286698129095058,14.113112413102234,0.8297152236056623,1.0,0.7961956521739131,0.886535552193646,0.06126270000822842,stage4_test_artifact,C:\Users\Hwang_Yulim\U-sto_AI\ai_model\experiments\runs\20260524_115653_stage2_valid_tuning\randomforest
CatBoost,18.50546366737466,14.311821713730252,0.8256165866860798,1.0,0.8029891304347826,0.8907309721175584,0.004663600004278123,stage4_test_artifact,C:\Users\Hwang_Yulim\U-sto_AI\ai_model\experiments\runs\20260524_115653_stage2_valid_tuning\catboost
