feature,importance
G2B목록명_Code,0.7853253
물품분류명_Code,0.10268687
장비중요도,0.046734404
부서가혹도,0.04148114
운용부서코드_Code,0.011349522
내용연수,0.00532049
가격민감도,0.0021597613
취득금액,0.0016133266
취득월,0.0013319552
리드타임등급,0.0010564834
캠퍼스_Code,0.0009407478
