{
  "run_id": "20260524_002820",
  "model": "XGBoost",
  "valid_rmse_months": 9.229518646938768,
  "test_rmse_months": 3.807122417754674,
  "test_mae_months": 1.502756330326472,
  "test_r2": 0.8762434449783639,
  "term_precision": 1.0,
  "term_recall": 0.980309423347398,
  "term_f1": 0.9900568181818182,
  "best_params_json": "{\"n_estimators\": 500, \"max_depth\": 3, \"learning_rate\": 0.1, \"subsample\": 0.85, \"colsample_bytree\": 0.85, \"min_child_weight\": 1, \"reg_lambda\": 1.0}"
}