feature,importance
물품분류명_Code,44.97392904482012
G2B목록명_Code,25.662485170768726
부서가혹도,11.43929944162884
내용연수,7.249101021142812
운용부서코드_Code,3.7884058584550786
취득금액,3.135867925263475
장비중요도,1.2452111880757695
가격민감도,0.8338208852471362
캠퍼스_Code,0.8041099720529313
리드타임등급,0.4663968958132783
취득월,0.4013725967318329
