{
  "run_id": "20260524_002820",
  "model": "CatBoost",
  "valid_rmse_months": 9.272885207090896,
  "test_rmse_months": 3.468449085341173,
  "test_mae_months": 1.4098895834594471,
  "test_r2": 0.8972823262286244,
  "term_precision": 1.0,
  "term_recall": 0.9859353023909986,
  "term_f1": 0.9929178470254958,
  "best_params_json": "{\"iterations\": 800, \"depth\": 7, \"learning_rate\": 0.05, \"l2_leaf_reg\": 5, \"subsample\": 1.0}"
}