feature,importance
물품분류명_Code,0.3275550018116045
G2B목록명_Code,0.32215183982546386
내용연수,0.13030503541365152
취득금액,0.05898722378177439
장비중요도,0.042189372470261464
부서가혹도,0.034619200671798016
가격민감도,0.0344392848025696
운용부서코드_Code,0.026619311870324576
리드타임등급,0.01703120380486988
캠퍼스_Code,0.0030555387932287787
취득월,0.0030469867544533472
