feature,importance
G2B목록명_Code,0.7786839
물품분류명_Code,0.114903934
부서가혹도,0.05927736
가격민감도,0.013192936
운용부서코드_Code,0.009970169
내용연수,0.005286246
취득금액,0.00419814
장비중요도,0.0040508052
취득월,0.0036076945
리드타임등급,0.0034834237
캠퍼스_Code,0.003345436
