category,documents,precision_at_5,hit_at_5
물품 취득 관리,28,0.4928571428571429,0.8928571428571429
물품 불용 관리,21,0.44761904761904764,1.0
물품 반납 관리,19,0.47368421052631576,0.9473684210526315
물품 처분 관리,19,0.37894736842105264,0.8421052631578947
사용주기 AI 예측,16,0.825,1.0
일반,14,0.2571428571428571,0.7142857142857143
물품 보유 현황,8,0.4,1.0
보유현황조회,7,0.9142857142857143,1.0
AI 챗봇,5,0.8,1.0
절차,5,0.24,0.8
개념비교,2,0.2,1.0
처분/폐기,2,0.1,0.5
취득/등록,2,0.0,0.0
