Feature,Importance
취득금액,0.2633636740900218
취득월,0.21079280994268942
운용부서코드_Code,0.15129146083813869
가격민감도,0.11849471059783591
물품분류명_Code,0.07964601502765614
장비중요도,0.06181811566295494
G2B목록명_Code,0.04585670910140716
캠퍼스_Code,0.03314860983041344
내용연수,0.020391402498230026
리드타임등급,0.015196492410652492
부서가혹도,0.0
