Feature,Importance
취득월,0.5315522705913763
운용부서코드_Code,0.3020304075170932
캠퍼스_Code,0.11784857049114264
부서가혹도,0.048568751400387904
물품분류명_Code,0.0
리드타임등급,0.0
G2B목록명_Code,0.0
장비중요도,0.0
가격민감도,0.0
취득금액,0.0
내용연수,0.0
