feature,importance
물품분류명_Code,0.37107121277200583
G2B목록명_Code,0.3338398466234654
내용연수,0.13630761410655973
부서가혹도,0.03901536783562824
가격민감도,0.025925918685830534
장비중요도,0.025608561733650843
리드타임등급,0.024898849893700063
운용부서코드_Code,0.02313301917992737
취득금액,0.014399419844120704
캠퍼스_Code,0.003879134932401233
취득월,0.0019210543927098847
