feature,importance
G2B목록명_Code,0.9425213
부서가혹도,0.036877982
운용부서코드_Code,0.010630204
장비중요도,0.004188599
내용연수,0.0025097698
가격민감도,0.0014304942
취득금액,0.0009508884
취득월,0.00050732377
캠퍼스_Code,0.0003834419
리드타임등급,0.0
물품분류명_Code,0.0
