{
  "run_id": "20260524_002309",
  "model": "XGBoost",
  "cv_rmse_months": 5.761104765435468,
  "test_rmse_months": 3.950215276196099,
  "test_mae_months": 1.5509911227326856,
  "test_r2": 0.8667656963733308,
  "term_precision": 1.0,
  "term_recall": 0.9817158931082982,
  "term_f1": 0.9907735982966643,
  "elapsed_sec": 6.329494999998133,
  "best_params_json": "{\"xgbregressor__subsample\": 1.0, \"xgbregressor__reg_lambda\": 0.5, \"xgbregressor__n_estimators\": 800, \"xgbregressor__min_child_weight\": 3, \"xgbregressor__max_depth\": 2, \"xgbregressor__learning_rate\": 0.1, \"xgbregressor__colsample_bytree\": 1.0}"
}