feature,importance
물품분류명_Code,0.37692721837179083
G2B목록명_Code,0.3328168343291077
내용연수,0.13382243258902451
부서가혹도,0.03787015065364367
장비중요도,0.027630343227606886
리드타임등급,0.026361655361118334
가격민감도,0.025578840977740793
운용부서코드_Code,0.020842829127491035
취득금액,0.013701277384209403
캠퍼스_Code,0.0032675006267270292
취득월,0.001180917351539798
