{
  "run_id": "20260524_002820",
  "model": "ExtraTrees",
  "valid_rmse_months": 9.801557513938672,
  "test_rmse_months": 3.944656946754117,
  "test_mae_months": 1.6051932178641042,
  "test_r2": 0.8671403793115625,
  "term_precision": 1.0,
  "term_recall": 0.9789029535864979,
  "term_f1": 0.9893390191897654,
  "best_params_json": "{\"n_estimators\": 500, \"max_depth\": 10, \"min_samples_split\": 10, \"min_samples_leaf\": 1, \"max_features\": \"sqrt\", \"bootstrap\": false}"
}