feature,importance
물품분류명_Code,39.92038987852926
G2B목록명_Code,34.51815507411367
부서가혹도,8.753617032727886
내용연수,8.617842492208329
운용부서코드_Code,3.7872589451359926
취득금액,2.272777883575696
가격민감도,1.0273757130763344
장비중요도,0.6082765322669859
취득월,0.21815956538330586
캠퍼스_Code,0.16323399950728837
리드타임등급,0.11291288347525756
