{
  "run_id": "20260524_002309",
  "model": "CatBoost",
  "cv_rmse_months": 5.32513546497568,
  "test_rmse_months": 3.725611670134674,
  "test_mae_months": 1.4746607224558594,
  "test_r2": 0.8814859884610361,
  "term_precision": 1.0,
  "term_recall": 0.9845288326300985,
  "term_f1": 0.9922041105598866,
  "elapsed_sec": 29.512000100003206,
  "best_params_json": "{\"catboostregressor__subsample\": 0.85, \"catboostregressor__learning_rate\": 0.08, \"catboostregressor__l2_leaf_reg\": 1, \"catboostregressor__iterations\": 500, \"catboostregressor__depth\": 4}"
}