feature,importance
물품분류명_Code,0.3107281929116511
G2B목록명_Code,0.3029064955307586
내용연수,0.14575355753203872
취득금액,0.07649807942568136
장비중요도,0.044175788785883165
가격민감도,0.037090623677962634
운용부서코드_Code,0.030209336636042725
부서가혹도,0.023925116480218642
리드타임등급,0.015561295925937928
취득월,0.010829856531517154
캠퍼스_Code,0.002321656562307978
