{
  "model": "RandomForest",
  "valid_rmse_months": 9.953720044817448,
  "test_rmse_months": 18.286698129095058,
  "test_mae_months": 14.113112413102234,
  "test_r2": 0.8297152236056623,
  "term_precision": 1.0,
  "term_recall": 0.7961956521739131,
  "term_f1": 0.886535552193646,
  "best_params_json": "{\"n_estimators\": 200, \"max_depth\": 10, \"min_samples_split\": 5, \"min_samples_leaf\": 1, \"max_features\": \"sqrt\"}",
  "run_id": "20260524_115653"
}