{
  "model": "GradientBoosting",
  "rmse_months": 17.5457485113215,
  "mae_months": 13.327942003310019,
  "r2": 0.8432350269039885,
  "term_precision": 1.0,
  "term_recall": 0.7758152173913043,
  "term_f1": 0.8737566947207345,
  "elapsed_sec": 0.3455612999969162
}