feature,importance
물품분류명_Code,0.3560940603197563
G2B목록명_Code,0.34271133427726796
내용연수,0.13760570239421738
장비중요도,0.0318738822968794
부서가혹도,0.031234279513743177
리드타임등급,0.02844612752930669
가격민감도,0.027890280861918394
취득금액,0.01920036508051753
운용부서코드_Code,0.018893575418189555
취득월,0.003380642852008018
캠퍼스_Code,0.002669749456195539
