{
  "model": "ExtraTrees",
  "valid_rmse_months": 9.801557513938672,
  "test_rmse_months": 17.753052884317555,
  "test_mae_months": 13.559221710973578,
  "test_r2": 0.8395087626178759,
  "term_precision": 1.0,
  "term_recall": 0.7758152173913043,
  "term_f1": 0.8737566947207345,
  "best_params_json": "{\"n_estimators\": 500, \"max_depth\": 10, \"min_samples_split\": 10, \"min_samples_leaf\": 1, \"max_features\": \"sqrt\", \"bootstrap\": false}",
  "run_id": "20260524_115653"
}