feature,importance
G2B목록명_Code,34.9461493113186
물품분류명_Code,27.31114712156861
내용연수,7.708025619593312
운용부서코드_Code,7.465720234832867
취득금액,7.2122744295227275
부서가혹도,6.574585330751983
취득월,4.011134715602864
장비중요도,1.7057202523523494
캠퍼스_Code,1.4412389591980606
가격민감도,1.1107441178446014
리드타임등급,0.5132599074140426
