{
  "model": "ExtraTrees",
  "rmse_months": 3.531807339082591,
  "mae_months": 1.5725689349270717,
  "r2": 0.8934953578764764,
  "term_precision": 1.0,
  "term_recall": 0.9817158931082982,
  "term_f1": 0.9907735982966643,
  "elapsed_sec": 1.4918536000041058
}